id,image_url,scientific_name,taxon_id
188635689,https://static.inaturalist.org/photos/330216776/medium.jpeg,Catharanthus roseus,62924
188682668,https://static.inaturalist.org/photos/330312657/medium.jpeg,Catharanthus roseus,62924
188719936,https://inaturalist-open-data.s3.amazonaws.com/photos/330386584/medium.jpeg,Catharanthus roseus,62924
188724510,https://static.inaturalist.org/photos/330396251/medium.jpg,Catharanthus roseus,62924
188743847,https://inaturalist-open-data.s3.amazonaws.com/photos/330435174/medium.jpg,Catharanthus roseus,62924
188765569,https://inaturalist-open-data.s3.amazonaws.com/photos/330483886/medium.jpg,Catharanthus roseus,62924
188771864,https://inaturalist-open-data.s3.amazonaws.com/photos/330496920/medium.jpg,Catharanthus roseus,62924
188789657,https://inaturalist-open-data.s3.amazonaws.com/photos/330533162/medium.jpg,Catharanthus roseus,62924
188789667,https://static.inaturalist.org/photos/330533109/medium.jpg,Catharanthus roseus,62924
188818136,https://static.inaturalist.org/photos/330589113/medium.jpeg,Catharanthus roseus,62924
188846082,https://static.inaturalist.org/photos/330647172/medium.jpeg,Catharanthus roseus,62924
188887350,https://static.inaturalist.org/photos/330734814/medium.jpeg,Catharanthus roseus,62924
188895311,https://inaturalist-open-data.s3.amazonaws.com/photos/330750007/medium.jpg,Catharanthus roseus,62924
188907608,https://inaturalist-open-data.s3.amazonaws.com/photos/330773305/medium.jpeg,Catharanthus roseus,62924
188974543,https://inaturalist-open-data.s3.amazonaws.com/photos/330909478/medium.jpeg,Catharanthus roseus,62924
188998709,https://static.inaturalist.org/photos/330962826/medium.jpeg,Catharanthus roseus,62924
189029410,https://static.inaturalist.org/photos/331019379/medium.jpeg,Catharanthus roseus,62924
189043358,https://static.inaturalist.org/photos/331046720/medium.jpg,Catharanthus roseus,62924
189085000,https://static.inaturalist.org/photos/331131344/medium.jpg,Catharanthus roseus,62924
189085036,https://inaturalist-open-data.s3.amazonaws.com/photos/331312054/medium.jpg,Catharanthus roseus,62924
189102415,https://inaturalist-open-data.s3.amazonaws.com/photos/331170862/medium.jpeg,Catharanthus roseus,62924
189104563,https://static.inaturalist.org/photos/331175300/medium.jpeg,Catharanthus roseus,62924
189120271,https://inaturalist-open-data.s3.amazonaws.com/photos/331206909/medium.jpg,Catharanthus roseus,62924
189123126,https://inaturalist-open-data.s3.amazonaws.com/photos/331212329/medium.jpg,Catharanthus roseus,62924
189161183,https://inaturalist-open-data.s3.amazonaws.com/photos/331286460/medium.jpg,Catharanthus roseus,62924
189173475,https://inaturalist-open-data.s3.amazonaws.com/photos/331306281/medium.jpeg,Catharanthus roseus,62924
189173523,https://inaturalist-open-data.s3.amazonaws.com/photos/331306717/medium.jpeg,Catharanthus roseus,62924
189177468,https://inaturalist-open-data.s3.amazonaws.com/photos/331320864/medium.jpg,Catharanthus roseus,62924
189207796,https://inaturalist-open-data.s3.amazonaws.com/photos/331385872/medium.jpg,Catharanthus roseus,62924
189217075,https://static.inaturalist.org/photos/331404869/medium.jpeg,Catharanthus roseus,62924
189245931,https://inaturalist-open-data.s3.amazonaws.com/photos/331459964/medium.jpeg,Catharanthus roseus,62924
189277126,https://inaturalist-open-data.s3.amazonaws.com/photos/331521764/medium.jpeg,Catharanthus roseus,62924
189289557,https://static.inaturalist.org/photos/331547663/medium.jpeg,Catharanthus roseus,62924
189295447,https://static.inaturalist.org/photos/331561209/medium.jpeg,Catharanthus roseus,62924
189297040,https://inaturalist-open-data.s3.amazonaws.com/photos/331565142/medium.jpg,Catharanthus roseus,62924
189352578,https://static.inaturalist.org/photos/331682534/medium.jpg,Catharanthus roseus,62924
189362771,https://static.inaturalist.org/photos/331703185/medium.jpg,Catharanthus roseus,62924
189380274,https://static.inaturalist.org/photos/331738118/medium.jpg,Catharanthus roseus,62924
189386854,https://inaturalist-open-data.s3.amazonaws.com/photos/331751270/medium.jpeg,Catharanthus roseus,62924
189408055,https://inaturalist-open-data.s3.amazonaws.com/photos/331795122/medium.jpg,Catharanthus roseus,62924
189422317,https://inaturalist-open-data.s3.amazonaws.com/photos/331823113/medium.jpg,Catharanthus roseus,62924
189423217,https://inaturalist-open-data.s3.amazonaws.com/photos/331825248/medium.jpg,Catharanthus roseus,62924
189435509,https://static.inaturalist.org/photos/331849051/medium.jpeg,Catharanthus roseus,62924
189435587,https://static.inaturalist.org/photos/331849218/medium.jpg,Catharanthus roseus,62924
189440012,https://inaturalist-open-data.s3.amazonaws.com/photos/331857552/medium.jpeg,Catharanthus roseus,62924
189459881,https://static.inaturalist.org/photos/331905212/medium.jpg,Catharanthus roseus,62924
189460924,https://static.inaturalist.org/photos/331905982/medium.jpeg,Catharanthus roseus,62924
189473696,https://inaturalist-open-data.s3.amazonaws.com/photos/331932556/medium.jpg,Catharanthus roseus,62924
189516005,https://inaturalist-open-data.s3.amazonaws.com/photos/332015976/medium.jpg,Catharanthus roseus,62924
189541998,https://inaturalist-open-data.s3.amazonaws.com/photos/332070237/medium.jpeg,Catharanthus roseus,62924
189559404,https://static.inaturalist.org/photos/332105143/medium.jpeg,Catharanthus roseus,62924
189570002,https://inaturalist-open-data.s3.amazonaws.com/photos/332125151/medium.jpg,Catharanthus roseus,62924
189572874,https://inaturalist-open-data.s3.amazonaws.com/photos/332130513/medium.jpeg,Catharanthus roseus,62924
189586801,https://inaturalist-open-data.s3.amazonaws.com/photos/332158508/medium.jpeg,Catharanthus roseus,62924
189658704,https://static.inaturalist.org/photos/332303343/medium.jpeg,Catharanthus roseus,62924
189667684,https://static.inaturalist.org/photos/332320887/medium.jpeg,Catharanthus roseus,62924
189667751,https://static.inaturalist.org/photos/332320994/medium.jpeg,Catharanthus roseus,62924
189667802,https://static.inaturalist.org/photos/332321075/medium.jpeg,Catharanthus roseus,62924
189701187,https://static.inaturalist.org/photos/332388029/medium.jpg,Catharanthus roseus,62924
189717626,https://inaturalist-open-data.s3.amazonaws.com/photos/332421167/medium.jpg,Catharanthus roseus,62924
189727842,https://inaturalist-open-data.s3.amazonaws.com/photos/332575571/medium.jpeg,Catharanthus roseus,62924
189764840,https://inaturalist-open-data.s3.amazonaws.com/photos/332518612/medium.jpg,Catharanthus roseus,62924
189797072,https://inaturalist-open-data.s3.amazonaws.com/photos/332582133/medium.jpg,Catharanthus roseus,62924
189817888,https://inaturalist-open-data.s3.amazonaws.com/photos/332624417/medium.jpg,Catharanthus roseus,62924
189818231,https://inaturalist-open-data.s3.amazonaws.com/photos/332624828/medium.jpg,Catharanthus roseus,62924
189822541,https://inaturalist-open-data.s3.amazonaws.com/photos/332633367/medium.jpg,Catharanthus roseus,62924
189822601,https://inaturalist-open-data.s3.amazonaws.com/photos/332633399/medium.jpg,Catharanthus roseus,62924
189824105,https://inaturalist-open-data.s3.amazonaws.com/photos/332636807/medium.jpg,Catharanthus roseus,62924
189826461,https://inaturalist-open-data.s3.amazonaws.com/photos/332641942/medium.jpg,Catharanthus roseus,62924
189826644,https://inaturalist-open-data.s3.amazonaws.com/photos/332649247/medium.jpeg,Catharanthus roseus,62924
189826957,https://inaturalist-open-data.s3.amazonaws.com/photos/332642609/medium.jpg,Catharanthus roseus,62924
189827912,https://static.inaturalist.org/photos/332644529/medium.jpg,Catharanthus roseus,62924
189827991,https://static.inaturalist.org/photos/332644690/medium.jpg,Catharanthus roseus,62924
189828218,https://inaturalist-open-data.s3.amazonaws.com/photos/332645227/medium.jpg,Catharanthus roseus,62924
189829280,https://static.inaturalist.org/photos/332647751/medium.jpeg,Catharanthus roseus,62924
189837052,https://inaturalist-open-data.s3.amazonaws.com/photos/332663015/medium.jpeg,Catharanthus roseus,62924
189851492,https://inaturalist-open-data.s3.amazonaws.com/photos/332678596/medium.jpg,Catharanthus roseus,62924
189860707,https://static.inaturalist.org/photos/332698063/medium.jpeg,Catharanthus roseus,62924
189905590,https://inaturalist-open-data.s3.amazonaws.com/photos/332788349/medium.jpg,Catharanthus roseus,62924
189905630,https://inaturalist-open-data.s3.amazonaws.com/photos/332788487/medium.jpg,Catharanthus roseus,62924
189906090,https://inaturalist-open-data.s3.amazonaws.com/photos/332789360/medium.jpg,Catharanthus roseus,62924
189906168,https://static.inaturalist.org/photos/332789516/medium.jpg,Catharanthus roseus,62924
189927149,https://static.inaturalist.org/photos/332831515/medium.jpeg,Catharanthus roseus,62924
189927314,https://static.inaturalist.org/photos/332831921/medium.jpeg,Catharanthus roseus,62924
189929832,https://static.inaturalist.org/photos/332836926/medium.jpg,Catharanthus roseus,62924
189938620,https://static.inaturalist.org/photos/332854724/medium.jpeg,Catharanthus roseus,62924
189997213,https://inaturalist-open-data.s3.amazonaws.com/photos/332970064/medium.jpeg,Catharanthus roseus,62924
190035164,https://inaturalist-open-data.s3.amazonaws.com/photos/333047009/medium.jpg,Catharanthus roseus,62924
190039755,https://inaturalist-open-data.s3.amazonaws.com/photos/333056610/medium.jpg,Catharanthus roseus,62924
190044610,https://static.inaturalist.org/photos/333066826/medium.jpeg,Catharanthus roseus,62924
190058378,https://static.inaturalist.org/photos/333093671/medium.jpeg,Catharanthus roseus,62924
190062752,https://static.inaturalist.org/photos/333101983/medium.jpg,Catharanthus roseus,62924
190097829,https://inaturalist-open-data.s3.amazonaws.com/photos/333170766/medium.jpeg,Catharanthus roseus,62924
190105101,https://inaturalist-open-data.s3.amazonaws.com/photos/333185213/medium.jpg,Catharanthus roseus,62924
190133148,https://inaturalist-open-data.s3.amazonaws.com/photos/333240157/medium.jpg,Catharanthus roseus,62924
190138016,https://inaturalist-open-data.s3.amazonaws.com/photos/333249128/medium.jpg,Catharanthus roseus,62924
190149653,https://inaturalist-open-data.s3.amazonaws.com/photos/333270269/medium.jpg,Catharanthus roseus,62924
190183609,https://inaturalist-open-data.s3.amazonaws.com/photos/333318734/medium.jpg,Catharanthus roseus,62924
190235905,https://static.inaturalist.org/photos/333428207/medium.jpeg,Catharanthus roseus,62924
190237821,https://inaturalist-open-data.s3.amazonaws.com/photos/333432189/medium.jpg,Catharanthus roseus,62924
190245193,https://inaturalist-open-data.s3.amazonaws.com/photos/333447431/medium.jpg,Catharanthus roseus,62924
190265456,https://static.inaturalist.org/photos/333489073/medium.jpeg,Catharanthus roseus,62924
190267052,https://inaturalist-open-data.s3.amazonaws.com/photos/333492664/medium.jpg,Catharanthus roseus,62924
190268111,https://inaturalist-open-data.s3.amazonaws.com/photos/333495335/medium.jpg,Catharanthus roseus,62924
190273564,https://inaturalist-open-data.s3.amazonaws.com/photos/333506403/medium.jpeg,Catharanthus roseus,62924
190275365,https://inaturalist-open-data.s3.amazonaws.com/photos/333506493/medium.jpeg,Catharanthus roseus,62924
190280194,https://inaturalist-open-data.s3.amazonaws.com/photos/333520812/medium.jpeg,Catharanthus roseus,62924
190284760,https://static.inaturalist.org/photos/333530382/medium.jpeg,Catharanthus roseus,62924
190288053,https://static.inaturalist.org/photos/333539315/medium.jpeg,Catharanthus roseus,62924
190288908,https://static.inaturalist.org/photos/333541805/medium.jpeg,Catharanthus roseus,62924
190291013,https://inaturalist-open-data.s3.amazonaws.com/photos/333542207/medium.jpeg,Catharanthus roseus,62924
190300317,https://inaturalist-open-data.s3.amazonaws.com/photos/333565219/medium.jpg,Catharanthus roseus,62924
190336341,https://inaturalist-open-data.s3.amazonaws.com/photos/333635671/medium.jpeg,Catharanthus roseus,62924
190370033,https://inaturalist-open-data.s3.amazonaws.com/photos/333705171/medium.jpeg,Catharanthus roseus,62924
190380724,https://inaturalist-open-data.s3.amazonaws.com/photos/333725903/medium.jpeg,Catharanthus roseus,62924
190382832,https://inaturalist-open-data.s3.amazonaws.com/photos/333729887/medium.jpeg,Catharanthus roseus,62924
190383804,https://static.inaturalist.org/photos/333731681/medium.jpeg,Catharanthus roseus,62924
190393802,https://inaturalist-open-data.s3.amazonaws.com/photos/333751828/medium.jpeg,Catharanthus roseus,62924
190413299,https://static.inaturalist.org/photos/333790995/medium.jpg,Catharanthus roseus,62924
190443822,https://inaturalist-open-data.s3.amazonaws.com/photos/333851492/medium.jpeg,Catharanthus roseus,62924
190457220,https://static.inaturalist.org/photos/333879203/medium.jpg,Catharanthus roseus,62924
190483032,https://inaturalist-open-data.s3.amazonaws.com/photos/333933480/medium.jpg,Catharanthus roseus,62924
190513298,https://inaturalist-open-data.s3.amazonaws.com/photos/333995630/medium.jpg,Catharanthus roseus,62924
190515017,https://static.inaturalist.org/photos/333999391/medium.jpg,Catharanthus roseus,62924
190519360,https://inaturalist-open-data.s3.amazonaws.com/photos/334008056/medium.jpg,Catharanthus roseus,62924
190519486,https://inaturalist-open-data.s3.amazonaws.com/photos/334008249/medium.jpg,Catharanthus roseus,62924
190537957,https://static.inaturalist.org/photos/334048074/medium.jpg,Catharanthus roseus,62924
190555086,https://static.inaturalist.org/photos/334083148/medium.jpeg,Catharanthus roseus,62924
190623322,https://inaturalist-open-data.s3.amazonaws.com/photos/334213519/medium.jpg,Catharanthus roseus,62924
190624684,https://inaturalist-open-data.s3.amazonaws.com/photos/334215917/medium.jpg,Catharanthus roseus,62924
190650491,https://inaturalist-open-data.s3.amazonaws.com/photos/334266698/medium.jpg,Catharanthus roseus,62924
190656562,https://inaturalist-open-data.s3.amazonaws.com/photos/334278991/medium.jpg,Catharanthus roseus,62924
190672918,https://static.inaturalist.org/photos/334310900/medium.jpeg,Catharanthus roseus,62924
190673465,https://inaturalist-open-data.s3.amazonaws.com/photos/334312098/medium.jpg,Catharanthus roseus,62924
190677221,https://inaturalist-open-data.s3.amazonaws.com/photos/334307752/medium.jpeg,Catharanthus roseus,62924
190677223,https://inaturalist-open-data.s3.amazonaws.com/photos/334307841/medium.jpeg,Catharanthus roseus,62924
190677224,https://inaturalist-open-data.s3.amazonaws.com/photos/334307842/medium.jpeg,Catharanthus roseus,62924
190677226,https://inaturalist-open-data.s3.amazonaws.com/photos/334307838/medium.jpeg,Catharanthus roseus,62924
190710283,https://inaturalist-open-data.s3.amazonaws.com/photos/334384456/medium.jpeg,Catharanthus roseus,62924
190741949,https://inaturalist-open-data.s3.amazonaws.com/photos/334446385/medium.jpeg,Catharanthus roseus,62924
190742064,https://inaturalist-open-data.s3.amazonaws.com/photos/334446470/medium.jpeg,Catharanthus roseus,62924
190757985,https://inaturalist-open-data.s3.amazonaws.com/photos/334479419/medium.jpeg,Catharanthus roseus,62924
190761255,https://static.inaturalist.org/photos/334485880/medium.jpeg,Catharanthus roseus,62924
190774810,https://inaturalist-open-data.s3.amazonaws.com/photos/334514385/medium.jpg,Catharanthus roseus,62924
190806051,https://inaturalist-open-data.s3.amazonaws.com/photos/334576509/medium.jpeg,Catharanthus roseus,62924
190829161,https://static.inaturalist.org/photos/334578334/medium.jpeg,Daphnis nerii,51996
190829162,https://static.inaturalist.org/photos/334578329/medium.jpeg,Daphnis nerii,51996
190848849,https://inaturalist-open-data.s3.amazonaws.com/photos/334660265/medium.jpg,Catharanthus roseus,62924
190854600,https://static.inaturalist.org/photos/334671058/medium.jpeg,Catharanthus roseus,62924
190940503,https://inaturalist-open-data.s3.amazonaws.com/photos/334840562/medium.jpg,Catharanthus roseus,62924
190977374,https://static.inaturalist.org/photos/334916121/medium.jpeg,Catharanthus roseus,62924
191007768,https://inaturalist-open-data.s3.amazonaws.com/photos/334976936/medium.jpg,Catharanthus roseus,62924
191025401,https://inaturalist-open-data.s3.amazonaws.com/photos/335010605/medium.jpg,Catharanthus roseus,62924
191029111,https://static.inaturalist.org/photos/335017332/medium.jpeg,Catharanthus roseus,62924
191035421,https://inaturalist-open-data.s3.amazonaws.com/photos/335029675/medium.jpg,Catharanthus roseus,62924
191038092,https://inaturalist-open-data.s3.amazonaws.com/photos/335034863/medium.jpg,Catharanthus roseus,62924
191050372,https://static.inaturalist.org/photos/335059573/medium.jpeg,Catharanthus roseus,62924
191054180,https://inaturalist-open-data.s3.amazonaws.com/photos/335068073/medium.jpeg,Catharanthus roseus,62924
191066534,https://static.inaturalist.org/photos/335093454/medium.jpg,Catharanthus roseus,62924
191068548,https://inaturalist-open-data.s3.amazonaws.com/photos/335097724/medium.jpeg,Catharanthus roseus,62924
191073121,https://inaturalist-open-data.s3.amazonaws.com/photos/335107543/medium.jpg,Catharanthus roseus,62924
191073570,https://static.inaturalist.org/photos/335108552/medium.jpg,Catharanthus roseus,62924
191073752,https://static.inaturalist.org/photos/335108900/medium.jpg,Catharanthus roseus,62924
191080952,https://inaturalist-open-data.s3.amazonaws.com/photos/335124199/medium.jpeg,Catharanthus roseus,62924
191091025,https://inaturalist-open-data.s3.amazonaws.com/photos/335138255/medium.jpg,Catharanthus roseus,62924
191123277,https://inaturalist-open-data.s3.amazonaws.com/photos/335208701/medium.jpeg,Catharanthus roseus,62924
191136225,https://static.inaturalist.org/photos/335235011/medium.jpg,Catharanthus roseus,62924
191157090,https://inaturalist-open-data.s3.amazonaws.com/photos/335276626/medium.jpeg,Catharanthus roseus,62924
191158317,https://static.inaturalist.org/photos/335279194/medium.jpeg,Catharanthus roseus,62924
191158335,https://static.inaturalist.org/photos/335279224/medium.jpeg,Catharanthus roseus,62924
191160371,https://static.inaturalist.org/photos/335283506/medium.jpeg,Catharanthus roseus,62924
191174009,https://inaturalist-open-data.s3.amazonaws.com/photos/335312230/medium.jpeg,Catharanthus roseus,62924
191192205,https://static.inaturalist.org/photos/335347488/medium.jpeg,Catharanthus roseus,62924
191195212,https://static.inaturalist.org/photos/335353309/medium.jpeg,Catharanthus roseus,62924
191197926,https://inaturalist-open-data.s3.amazonaws.com/photos/335359556/medium.jpeg,Catharanthus roseus,62924
191199413,https://inaturalist-open-data.s3.amazonaws.com/photos/335362657/medium.jpeg,Catharanthus roseus,62924
191211826,https://static.inaturalist.org/photos/335387119/medium.jpeg,Catharanthus roseus,62924
191220589,https://static.inaturalist.org/photos/335405006/medium.jpeg,Catharanthus roseus,62924
191227837,https://static.inaturalist.org/photos/335419568/medium.jpg,Catharanthus roseus,62924
191249438,https://inaturalist-open-data.s3.amazonaws.com/photos/335461971/medium.jpg,Catharanthus roseus,62924
191249829,https://inaturalist-open-data.s3.amazonaws.com/photos/335462722/medium.jpg,Catharanthus roseus,62924
191256770,https://static.inaturalist.org/photos/335475186/medium.jpeg,Catharanthus roseus,62924
191320957,https://inaturalist-open-data.s3.amazonaws.com/photos/335604131/medium.jpeg,Catharanthus roseus,62924
191325038,https://inaturalist-open-data.s3.amazonaws.com/photos/335610878/medium.jpg,Catharanthus roseus,62924
191326589,https://inaturalist-open-data.s3.amazonaws.com/photos/335616060/medium.jpg,Catharanthus roseus,62924
191343632,https://static.inaturalist.org/photos/335651440/medium.jpg,Catharanthus roseus,62924
191352552,https://static.inaturalist.org/photos/335668910/medium.jpeg,Catharanthus roseus,62924
191372994,https://inaturalist-open-data.s3.amazonaws.com/photos/335709362/medium.jpeg,Catharanthus roseus,62924
191388374,https://inaturalist-open-data.s3.amazonaws.com/photos/336007970/medium.jpg,Catharanthus roseus,62924
191390538,https://inaturalist-open-data.s3.amazonaws.com/photos/335744377/medium.jpeg,Catharanthus roseus,62924
191402827,https://static.inaturalist.org/photos/335767356/medium.jpeg,Catharanthus roseus,62924
191437582,https://static.inaturalist.org/photos/335837324/medium.jpeg,Catharanthus roseus,62924
191438823,https://static.inaturalist.org/photos/335840223/medium.jpeg,Catharanthus roseus,62924
191440904,https://static.inaturalist.org/photos/335844667/medium.jpg,Catharanthus roseus,62924
191454355,https://static.inaturalist.org/photos/335872910/medium.jpeg,Catharanthus roseus,62924
191468716,https://inaturalist-open-data.s3.amazonaws.com/photos/335902183/medium.jpg,Catharanthus roseus,62924
191486765,https://inaturalist-open-data.s3.amazonaws.com/photos/335938583/medium.jpg,Catharanthus roseus,62924
191491218,https://static.inaturalist.org/photos/335947196/medium.jpeg,Catharanthus roseus,62924
191494938,https://inaturalist-open-data.s3.amazonaws.com/photos/335954390/medium.jpg,Catharanthus roseus,62924
191497793,https://inaturalist-open-data.s3.amazonaws.com/photos/335959512/medium.jpg,Catharanthus roseus,62924
191526843,https://inaturalist-open-data.s3.amazonaws.com/photos/336016844/medium.jpeg,Catharanthus roseus,62924
191533574,https://static.inaturalist.org/photos/336030633/medium.jpg,Catharanthus roseus,62924
191559515,https://inaturalist-open-data.s3.amazonaws.com/photos/336084078/medium.jpg,Catharanthus roseus,62924
191571074,https://inaturalist-open-data.s3.amazonaws.com/photos/336106194/medium.jpg,Catharanthus roseus,62924
191577834,https://inaturalist-open-data.s3.amazonaws.com/photos/336119726/medium.jpg,Catharanthus roseus,62924
191592298,https://static.inaturalist.org/photos/336147956/medium.jpeg,Catharanthus roseus,62924
191597218,https://inaturalist-open-data.s3.amazonaws.com/photos/336156963/medium.jpg,Catharanthus roseus,62924
191597346,https://inaturalist-open-data.s3.amazonaws.com/photos/336157167/medium.jpg,Catharanthus roseus,62924
191619489,https://inaturalist-open-data.s3.amazonaws.com/photos/336201677/medium.jpg,Catharanthus roseus,62924
191659952,https://inaturalist-open-data.s3.amazonaws.com/photos/336282022/medium.jpeg,Catharanthus roseus,62924
191667778,https://inaturalist-open-data.s3.amazonaws.com/photos/336296920/medium.jpg,Catharanthus roseus,62924
191677074,https://static.inaturalist.org/photos/336314476/medium.jpeg,Catharanthus roseus,62924
191724352,https://inaturalist-open-data.s3.amazonaws.com/photos/336410560/medium.jpeg,Catharanthus roseus,62924
191725687,https://inaturalist-open-data.s3.amazonaws.com/photos/336413302/medium.jpeg,Catharanthus roseus,62924
191740047,https://inaturalist-open-data.s3.amazonaws.com/photos/336443358/medium.jpeg,Catharanthus roseus,62924
191752539,https://inaturalist-open-data.s3.amazonaws.com/photos/336469319/medium.jpeg,Catharanthus roseus,62924
191753576,https://static.inaturalist.org/photos/336471293/medium.jpeg,Catharanthus roseus,62924
191759804,https://static.inaturalist.org/photos/336483633/medium.jpeg,Catharanthus roseus,62924
191768578,https://static.inaturalist.org/photos/336500939/medium.jpeg,Catharanthus roseus,62924
191776006,https://inaturalist-open-data.s3.amazonaws.com/photos/336516074/medium.jpeg,Catharanthus roseus,62924
191781050,https://static.inaturalist.org/photos/336525702/medium.jpeg,Catharanthus roseus,62924
191792128,https://inaturalist-open-data.s3.amazonaws.com/photos/336548061/medium.jpg,Catharanthus roseus,62924
191792225,https://inaturalist-open-data.s3.amazonaws.com/photos/336548424/medium.jpg,Catharanthus roseus,62924
191821189,https://inaturalist-open-data.s3.amazonaws.com/photos/336608198/medium.jpeg,Catharanthus roseus,62924
191822457,https://static.inaturalist.org/photos/336610931/medium.jpeg,Catharanthus roseus,62924
191827701,https://static.inaturalist.org/photos/336621485/medium.jpeg,Catharanthus roseus,62924
191840564,https://inaturalist-open-data.s3.amazonaws.com/photos/336647151/medium.jpeg,Catharanthus roseus,62924
191857537,https://static.inaturalist.org/photos/336680005/medium.jpg,Catharanthus roseus,62924
191874516,https://inaturalist-open-data.s3.amazonaws.com/photos/336715201/medium.jpg,Catharanthus roseus,62924
191875640,https://inaturalist-open-data.s3.amazonaws.com/photos/336717166/medium.jpg,Catharanthus roseus,62924
191878933,https://static.inaturalist.org/photos/336723798/medium.jpeg,Catharanthus roseus,62924
191887866,https://inaturalist-open-data.s3.amazonaws.com/photos/336741333/medium.jpg,Catharanthus roseus,62924
191915584,https://inaturalist-open-data.s3.amazonaws.com/photos/336797798/medium.jpeg,Catharanthus roseus,62924
191916899,https://inaturalist-open-data.s3.amazonaws.com/photos/336800339/medium.jpg,Catharanthus roseus,62924
191919663,https://static.inaturalist.org/photos/336806182/medium.jpeg,Catharanthus roseus,62924
191920106,https://inaturalist-open-data.s3.amazonaws.com/photos/336806573/medium.jpg,Catharanthus roseus,62924
191920230,https://static.inaturalist.org/photos/336806818/medium.jpeg,Catharanthus roseus,62924
191920289,https://inaturalist-open-data.s3.amazonaws.com/photos/336806984/medium.jpg,Catharanthus roseus,62924
191920395,https://static.inaturalist.org/photos/336807093/medium.jpeg,Catharanthus roseus,62924
191920540,https://inaturalist-open-data.s3.amazonaws.com/photos/336807342/medium.jpg,Catharanthus roseus,62924
191920983,https://static.inaturalist.org/photos/336808353/medium.jpg,Catharanthus roseus,62924
191924558,https://static.inaturalist.org/photos/336814972/medium.jpeg,Catharanthus roseus,62924
191925827,https://inaturalist-open-data.s3.amazonaws.com/photos/336816862/medium.jpeg,Catharanthus roseus,62924
191936560,https://inaturalist-open-data.s3.amazonaws.com/photos/336835948/medium.jpeg,Catharanthus roseus,62924
191941893,https://inaturalist-open-data.s3.amazonaws.com/photos/336845635/medium.jpeg,Catharanthus roseus,62924
191946417,https://inaturalist-open-data.s3.amazonaws.com/photos/336854155/medium.jpg,Catharanthus roseus,62924
191967650,https://inaturalist-open-data.s3.amazonaws.com/photos/336897869/medium.jpeg,Catharanthus roseus,62924
191969368,https://static.inaturalist.org/photos/336901238/medium.jpeg,Catharanthus roseus,62924
191970640,https://inaturalist-open-data.s3.amazonaws.com/photos/336903454/medium.jpeg,Catharanthus roseus,62924
191975033,https://inaturalist-open-data.s3.amazonaws.com/photos/336912033/medium.jpg,Catharanthus roseus,62924
192000733,https://static.inaturalist.org/photos/336963705/medium.jpg,Catharanthus roseus,62924
192009766,https://static.inaturalist.org/photos/337208110/medium.jpg,Catharanthus roseus,62924
192015901,https://static.inaturalist.org/photos/337072265/medium.jpeg,Catharanthus roseus,62924
192028827,https://static.inaturalist.org/photos/337020279/medium.jpg,Catharanthus roseus,62924
192029792,https://inaturalist-open-data.s3.amazonaws.com/photos/337022094/medium.jpeg,Catharanthus roseus,62924
192040373,https://static.inaturalist.org/photos/337042599/medium.jpeg,Catharanthus roseus,62924
192061559,https://inaturalist-open-data.s3.amazonaws.com/photos/337081293/medium.jpg,Catharanthus roseus,62924
192069226,https://static.inaturalist.org/photos/337095913/medium.jpeg,Catharanthus roseus,62924
192083976,https://inaturalist-open-data.s3.amazonaws.com/photos/337124825/medium.jpeg,Catharanthus roseus,62924
192086894,https://inaturalist-open-data.s3.amazonaws.com/photos/337130065/medium.jpeg,Catharanthus roseus,62924
192087475,https://static.inaturalist.org/photos/337131207/medium.jpeg,Catharanthus roseus,62924
192098322,https://inaturalist-open-data.s3.amazonaws.com/photos/337152177/medium.jpeg,Catharanthus roseus,62924
192098460,https://inaturalist-open-data.s3.amazonaws.com/photos/337152525/medium.jpeg,Catharanthus roseus,62924
192100606,https://static.inaturalist.org/photos/337156733/medium.jpeg,Catharanthus roseus,62924
192102094,https://static.inaturalist.org/photos/337159759/medium.jpeg,Catharanthus roseus,62924
192103342,https://static.inaturalist.org/photos/337162564/medium.jpeg,Catharanthus roseus,62924
192110332,https://inaturalist-open-data.s3.amazonaws.com/photos/337175254/medium.jpg,Catharanthus roseus,62924
192110511,https://inaturalist-open-data.s3.amazonaws.com/photos/337175777/medium.jpeg,Catharanthus roseus,62924
192110684,https://static.inaturalist.org/photos/337176232/medium.jpeg,Catharanthus roseus,62924
192111711,https://static.inaturalist.org/photos/337178245/medium.jpeg,Catharanthus roseus,62924
192112151,https://static.inaturalist.org/photos/337179137/medium.jpeg,Catharanthus roseus,62924
192113864,https://static.inaturalist.org/photos/337182675/medium.jpeg,Catharanthus roseus,62924
192129944,https://static.inaturalist.org/photos/337214495/medium.jpeg,Catharanthus roseus,62924
192132496,https://inaturalist-open-data.s3.amazonaws.com/photos/337219601/medium.jpeg,Catharanthus roseus,62924
192164677,https://inaturalist-open-data.s3.amazonaws.com/photos/337284119/medium.jpeg,Catharanthus roseus,62924
192165570,https://inaturalist-open-data.s3.amazonaws.com/photos/337286276/medium.jpeg,Catharanthus roseus,62924
192190325,https://inaturalist-open-data.s3.amazonaws.com/photos/337334479/medium.jpeg,Catharanthus roseus,62924
192190720,https://inaturalist-open-data.s3.amazonaws.com/photos/337335183/medium.jpeg,Catharanthus roseus,62924
192206200,https://static.inaturalist.org/photos/337365512/medium.jpeg,Catharanthus roseus,62924
192206203,https://inaturalist-open-data.s3.amazonaws.com/photos/337365541/medium.jpg,Catharanthus roseus,62924
192207276,https://inaturalist-open-data.s3.amazonaws.com/photos/337367660/medium.jpeg,Catharanthus roseus,62924
192214291,https://static.inaturalist.org/photos/337381065/medium.jpeg,Catharanthus roseus,62924
192214811,https://inaturalist-open-data.s3.amazonaws.com/photos/337382125/medium.jpg,Catharanthus roseus,62924
192227251,https://static.inaturalist.org/photos/337405610/medium.jpg,Catharanthus roseus,62924
192227551,https://static.inaturalist.org/photos/337406236/medium.jpg,Catharanthus roseus,62924
192229116,https://inaturalist-open-data.s3.amazonaws.com/photos/337409964/medium.jpeg,Catharanthus roseus,62924
192233162,https://inaturalist-open-data.s3.amazonaws.com/photos/337416773/medium.jpg,Catharanthus roseus,62924
192234901,https://static.inaturalist.org/photos/337421283/medium.jpeg,Catharanthus roseus,62924
192236031,https://inaturalist-open-data.s3.amazonaws.com/photos/337423458/medium.jpg,Catharanthus roseus,62924
192240294,https://inaturalist-open-data.s3.amazonaws.com/photos/337430743/medium.jpg,Catharanthus roseus,62924
192247706,https://inaturalist-open-data.s3.amazonaws.com/photos/337446763/medium.jpg,Catharanthus roseus,62924
192248415,https://inaturalist-open-data.s3.amazonaws.com/photos/337439027/medium.jpg,Catharanthus roseus,62924
192248637,https://inaturalist-open-data.s3.amazonaws.com/photos/337439485/medium.jpg,Catharanthus roseus,62924
192248687,https://inaturalist-open-data.s3.amazonaws.com/photos/337439563/medium.jpg,Catharanthus roseus,62924
192257160,https://static.inaturalist.org/photos/337464399/medium.jpg,Catharanthus roseus,62924
192257762,https://static.inaturalist.org/photos/337465621/medium.jpg,Catharanthus roseus,62924
192263706,https://static.inaturalist.org/photos/337468139/medium.jpg,Catharanthus roseus,62924
192269896,https://inaturalist-open-data.s3.amazonaws.com/photos/337490040/medium.jpeg,Catharanthus roseus,62924
192273329,https://inaturalist-open-data.s3.amazonaws.com/photos/337496893/medium.jpg,Catharanthus roseus,62924
192280322,https://inaturalist-open-data.s3.amazonaws.com/photos/337511493/medium.jpeg,Catharanthus roseus,62924
192281148,https://inaturalist-open-data.s3.amazonaws.com/photos/337513357/medium.jpg,Catharanthus roseus,62924
192288959,https://inaturalist-open-data.s3.amazonaws.com/photos/337528296/medium.jpeg,Catharanthus roseus,62924
192290063,https://static.inaturalist.org/photos/337530401/medium.jpeg,Catharanthus roseus,62924
192295034,https://inaturalist-open-data.s3.amazonaws.com/photos/337539779/medium.jpeg,Catharanthus roseus,62924
192296771,https://static.inaturalist.org/photos/337543483/medium.jpeg,Catharanthus roseus,62924
192298940,https://inaturalist-open-data.s3.amazonaws.com/photos/337547696/medium.jpeg,Catharanthus roseus,62924
192299848,https://static.inaturalist.org/photos/337549416/medium.jpeg,Catharanthus roseus,62924
192307396,https://inaturalist-open-data.s3.amazonaws.com/photos/337564389/medium.jpeg,Catharanthus roseus,62924
192312016,https://inaturalist-open-data.s3.amazonaws.com/photos/337573015/medium.jpeg,Catharanthus roseus,62924
192313988,https://inaturalist-open-data.s3.amazonaws.com/photos/337577038/medium.jpg,Catharanthus roseus,62924
192326445,https://inaturalist-open-data.s3.amazonaws.com/photos/337600481/medium.jpg,Catharanthus roseus,62924
192327267,https://inaturalist-open-data.s3.amazonaws.com/photos/337602149/medium.jpeg,Catharanthus roseus,62924
192332639,https://inaturalist-open-data.s3.amazonaws.com/photos/337612827/medium.jpeg,Catharanthus roseus,62924
192334683,https://static.inaturalist.org/photos/337616476/medium.jpeg,Catharanthus roseus,62924
192334855,https://static.inaturalist.org/photos/337616875/medium.jpg,Catharanthus roseus,62924
192335319,https://static.inaturalist.org/photos/337617708/medium.jpg,Catharanthus roseus,62924
192336570,https://inaturalist-open-data.s3.amazonaws.com/photos/337620338/medium.jpeg,Catharanthus roseus,62924
192340582,https://static.inaturalist.org/photos/337627788/medium.jpeg,Catharanthus roseus,62924
192357475,https://inaturalist-open-data.s3.amazonaws.com/photos/337660994/medium.jpg,Catharanthus roseus,62924
192357648,https://inaturalist-open-data.s3.amazonaws.com/photos/337661377/medium.jpeg,Catharanthus roseus,62924
192359939,https://inaturalist-open-data.s3.amazonaws.com/photos/337664585/medium.jpeg,Catharanthus roseus,62924
192363348,https://inaturalist-open-data.s3.amazonaws.com/photos/337671248/medium.jpg,Catharanthus roseus,62924
192368402,https://inaturalist-open-data.s3.amazonaws.com/photos/337680736/medium.jpg,Catharanthus roseus,62924
192370323,https://static.inaturalist.org/photos/337684091/medium.jpeg,Catharanthus roseus,62924
192378338,https://static.inaturalist.org/photos/337699111/medium.jpeg,Catharanthus roseus,62924
192380977,https://inaturalist-open-data.s3.amazonaws.com/photos/337702845/medium.jpeg,Catharanthus roseus,62924
192382141,https://inaturalist-open-data.s3.amazonaws.com/photos/337707178/medium.jpeg,Catharanthus roseus,62924
192383005,https://inaturalist-open-data.s3.amazonaws.com/photos/337708834/medium.jpg,Catharanthus roseus,62924
192385658,https://static.inaturalist.org/photos/337714376/medium.jpeg,Catharanthus roseus,62924
192386056,https://static.inaturalist.org/photos/337714879/medium.jpeg,Catharanthus roseus,62924
192386503,https://inaturalist-open-data.s3.amazonaws.com/photos/337715693/medium.jpg,Catharanthus roseus,62924
192386983,https://static.inaturalist.org/photos/337716553/medium.jpg,Catharanthus roseus,62924
192388579,https://inaturalist-open-data.s3.amazonaws.com/photos/337720862/medium.jpeg,Catharanthus roseus,62924
192389827,https://static.inaturalist.org/photos/337722826/medium.jpeg,Catharanthus roseus,62924
192389845,https://static.inaturalist.org/photos/337722849/medium.jpeg,Catharanthus roseus,62924
192390074,https://static.inaturalist.org/photos/337723320/medium.jpeg,Catharanthus roseus,62924
192390379,https://inaturalist-open-data.s3.amazonaws.com/photos/337723952/medium.jpeg,Catharanthus roseus,62924
192393197,https://inaturalist-open-data.s3.amazonaws.com/photos/337728658/medium.jpg,Catharanthus roseus,62924
192393364,https://static.inaturalist.org/photos/337729011/medium.jpg,Catharanthus roseus,62924
192399184,https://inaturalist-open-data.s3.amazonaws.com/photos/337740569/medium.jpeg,Catharanthus roseus,62924
192405536,https://static.inaturalist.org/photos/337753081/medium.jpeg,Catharanthus roseus,62924
192407237,https://static.inaturalist.org/photos/337756488/medium.jpeg,Catharanthus roseus,62924
192408706,https://inaturalist-open-data.s3.amazonaws.com/photos/337759032/medium.jpeg,Catharanthus roseus,62924
192410235,https://inaturalist-open-data.s3.amazonaws.com/photos/337762224/medium.jpeg,Catharanthus roseus,62924
192413759,https://inaturalist-open-data.s3.amazonaws.com/photos/337769009/medium.jpeg,Catharanthus roseus,62924
192415230,https://static.inaturalist.org/photos/337772321/medium.jpeg,Catharanthus roseus,62924
192415744,https://inaturalist-open-data.s3.amazonaws.com/photos/337773630/medium.jpeg,Catharanthus roseus,62924
192417549,https://static.inaturalist.org/photos/337777629/medium.jpg,Catharanthus roseus,62924
192419301,https://static.inaturalist.org/photos/337780817/medium.jpeg,Catharanthus roseus,62924
192419421,https://inaturalist-open-data.s3.amazonaws.com/photos/337781062/medium.jpeg,Catharanthus roseus,62924
192421401,https://inaturalist-open-data.s3.amazonaws.com/photos/337785153/medium.jpg,Catharanthus roseus,62924
192421945,https://inaturalist-open-data.s3.amazonaws.com/photos/337786530/medium.jpeg,Catharanthus roseus,62924
192427393,https://inaturalist-open-data.s3.amazonaws.com/photos/337806080/medium.jpg,Catharanthus roseus,62924
192427787,https://inaturalist-open-data.s3.amazonaws.com/photos/337798243/medium.jpg,Catharanthus roseus,62924
192431041,https://inaturalist-open-data.s3.amazonaws.com/photos/337804283/medium.jpg,Catharanthus roseus,62924
192432157,https://inaturalist-open-data.s3.amazonaws.com/photos/337806730/medium.jpg,Catharanthus roseus,62924
192449953,https://inaturalist-open-data.s3.amazonaws.com/photos/337842020/medium.jpg,Catharanthus roseus,62924
192453409,https://static.inaturalist.org/photos/337850733/medium.jpeg,Catharanthus roseus,62924
192483530,https://static.inaturalist.org/photos/337912814/medium.jpeg,Catharanthus roseus,62924
192492086,https://inaturalist-open-data.s3.amazonaws.com/photos/337926131/medium.jpeg,Catharanthus roseus,62924
192492624,https://static.inaturalist.org/photos/337927211/medium.jpeg,Catharanthus roseus,62924
192505022,https://inaturalist-open-data.s3.amazonaws.com/photos/337951659/medium.jpeg,Catharanthus roseus,62924
192510664,https://static.inaturalist.org/photos/337963428/medium.jpeg,Catharanthus roseus,62924
192517070,https://static.inaturalist.org/photos/337977056/medium.jpg,Catharanthus roseus,62924
192524529,https://inaturalist-open-data.s3.amazonaws.com/photos/337990137/medium.jpeg,Catharanthus roseus,62924
192527990,https://static.inaturalist.org/photos/337999241/medium.jpeg,Catharanthus roseus,62924
192538871,https://static.inaturalist.org/photos/338021260/medium.jpg,Catharanthus roseus,62924
192542979,https://static.inaturalist.org/photos/338029624/medium.jpeg,Catharanthus roseus,62924
192551189,https://inaturalist-open-data.s3.amazonaws.com/photos/338043706/medium.jpg,Catharanthus roseus,62924
192553213,https://inaturalist-open-data.s3.amazonaws.com/photos/338047398/medium.jpg,Catharanthus roseus,62924
192573985,https://static.inaturalist.org/photos/338090284/medium.jpeg,Catharanthus roseus,62924
192595721,https://inaturalist-open-data.s3.amazonaws.com/photos/338133741/medium.jpeg,Catharanthus roseus,62924
192599724,https://inaturalist-open-data.s3.amazonaws.com/photos/338142144/medium.jpg,Catharanthus roseus,62924
192602216,https://inaturalist-open-data.s3.amazonaws.com/photos/338147866/medium.jpeg,Catharanthus roseus,62924
192605654,https://inaturalist-open-data.s3.amazonaws.com/photos/338154511/medium.jpeg,Catharanthus roseus,62924
192628150,https://static.inaturalist.org/photos/338200486/medium.jpeg,Catharanthus roseus,62924
192642025,https://static.inaturalist.org/photos/338228520/medium.jpeg,Catharanthus roseus,62924
192642092,https://static.inaturalist.org/photos/338228643/medium.jpeg,Catharanthus roseus,62924
192655105,https://inaturalist-open-data.s3.amazonaws.com/photos/338253613/medium.jpeg,Catharanthus roseus,62924
192659980,https://inaturalist-open-data.s3.amazonaws.com/photos/338262762/medium.jpeg,Catharanthus roseus,62924
192663614,https://static.inaturalist.org/photos/338270972/medium.jpeg,Catharanthus roseus,62924
192669901,https://inaturalist-open-data.s3.amazonaws.com/photos/338282820/medium.jpeg,Catharanthus roseus,62924
192670689,https://static.inaturalist.org/photos/338284630/medium.jpeg,Catharanthus roseus,62924
192685393,https://static.inaturalist.org/photos/338314642/medium.jpg,Catharanthus roseus,62924
192690223,https://static.inaturalist.org/photos/338324056/medium.jpeg,Catharanthus roseus,62924
192719317,https://static.inaturalist.org/photos/338241849/medium.jpg,Catharanthus roseus,62924
192722488,https://static.inaturalist.org/photos/338382593/medium.jpg,Catharanthus roseus,62924
192727840,https://inaturalist-open-data.s3.amazonaws.com/photos/338398776/medium.jpg,Catharanthus roseus,62924
192732889,https://inaturalist-open-data.s3.amazonaws.com/photos/338409315/medium.jpeg,Catharanthus roseus,62924
192769147,https://inaturalist-open-data.s3.amazonaws.com/photos/338480856/medium.jpg,Catharanthus roseus,62924
192773788,https://static.inaturalist.org/photos/338501313/medium.jpg,Catharanthus roseus,62924
192775226,https://inaturalist-open-data.s3.amazonaws.com/photos/338492708/medium.jpeg,Catharanthus roseus,62924
192788675,https://inaturalist-open-data.s3.amazonaws.com/photos/338518234/medium.jpg,Catharanthus roseus,62924
192790670,https://inaturalist-open-data.s3.amazonaws.com/photos/338522513/medium.jpg,Catharanthus roseus,62924
192796229,https://inaturalist-open-data.s3.amazonaws.com/photos/338533632/medium.jpeg,Catharanthus roseus,62924
192801891,https://inaturalist-open-data.s3.amazonaws.com/photos/338546069/medium.jpeg,Catharanthus roseus,62924
192823607,https://inaturalist-open-data.s3.amazonaws.com/photos/338589128/medium.jpeg,Catharanthus roseus,62924
192825449,https://inaturalist-open-data.s3.amazonaws.com/photos/338589665/medium.jpeg,Catharanthus roseus,62924
192837459,https://static.inaturalist.org/photos/338616388/medium.jpeg,Catharanthus roseus,62924
192849440,https://inaturalist-open-data.s3.amazonaws.com/photos/338640663/medium.jpg,Catharanthus roseus,62924
192854172,https://inaturalist-open-data.s3.amazonaws.com/photos/338651534/medium.jpg,Catharanthus roseus,62924
192869906,https://inaturalist-open-data.s3.amazonaws.com/photos/338682115/medium.jpeg,Catharanthus roseus,62924
192877276,https://inaturalist-open-data.s3.amazonaws.com/photos/338696595/medium.jpeg,Catharanthus roseus,62924
192878055,https://static.inaturalist.org/photos/338704111/medium.jpg,Catharanthus roseus,62924
192891700,https://static.inaturalist.org/photos/338724910/medium.jpg,Catharanthus roseus,62924
192902480,https://static.inaturalist.org/photos/338797985/medium.jpeg,Catharanthus roseus,62924
192917177,https://inaturalist-open-data.s3.amazonaws.com/photos/338777677/medium.jpg,Catharanthus roseus,62924
192952089,https://inaturalist-open-data.s3.amazonaws.com/photos/338846003/medium.jpeg,Catharanthus roseus,62924
192976757,https://inaturalist-open-data.s3.amazonaws.com/photos/338893167/medium.jpg,Catharanthus roseus,62924
192998197,https://inaturalist-open-data.s3.amazonaws.com/photos/338937714/medium.jpg,Catharanthus roseus,62924
192998221,https://inaturalist-open-data.s3.amazonaws.com/photos/338937747/medium.jpg,Catharanthus roseus,62924
193004903,https://inaturalist-open-data.s3.amazonaws.com/photos/338952270/medium.jpg,Catharanthus roseus,62924
193013138,https://inaturalist-open-data.s3.amazonaws.com/photos/338967967/medium.jpg,Catharanthus roseus,62924
193022103,https://inaturalist-open-data.s3.amazonaws.com/photos/338988008/medium.jpeg,Catharanthus roseus,62924
193035428,https://inaturalist-open-data.s3.amazonaws.com/photos/339018032/medium.jpg,Catharanthus roseus,62924
193095385,https://inaturalist-open-data.s3.amazonaws.com/photos/339140024/medium.jpg,Catharanthus roseus,62924
193100752,https://inaturalist-open-data.s3.amazonaws.com/photos/339152348/medium.jpg,Catharanthus roseus,62924
193127121,https://static.inaturalist.org/photos/339207486/medium.jpg,Catharanthus roseus,62924
193188303,https://static.inaturalist.org/photos/339353003/medium.jpeg,Catharanthus roseus,62924
193201089,https://static.inaturalist.org/photos/339356795/medium.jpeg,Catharanthus roseus,62924
193214687,https://inaturalist-open-data.s3.amazonaws.com/photos/339383770/medium.jpg,Catharanthus roseus,62924
193245397,https://inaturalist-open-data.s3.amazonaws.com/photos/339442744/medium.jpg,Catharanthus roseus,62924
193281654,https://inaturalist-open-data.s3.amazonaws.com/photos/339514146/medium.jpg,Catharanthus roseus,62924
193310050,https://inaturalist-open-data.s3.amazonaws.com/photos/339568912/medium.jpeg,Catharanthus roseus,62924
193310057,https://inaturalist-open-data.s3.amazonaws.com/photos/339569028/medium.jpeg,Catharanthus roseus,62924
193310649,https://inaturalist-open-data.s3.amazonaws.com/photos/339569415/medium.jpeg,Catharanthus roseus,62924
193349865,https://static.inaturalist.org/photos/339643954/medium.jpeg,Catharanthus roseus,62924
193349944,https://inaturalist-open-data.s3.amazonaws.com/photos/339638067/medium.jpeg,Catharanthus roseus,62924
193356183,https://inaturalist-open-data.s3.amazonaws.com/photos/339656689/medium.jpeg,Catharanthus roseus,62924
193356965,https://inaturalist-open-data.s3.amazonaws.com/photos/339658490/medium.jpeg,Catharanthus roseus,62924
193359831,https://inaturalist-open-data.s3.amazonaws.com/photos/339663328/medium.jpg,Catharanthus roseus,62924
193361958,https://inaturalist-open-data.s3.amazonaws.com/photos/339668911/medium.jpeg,Catharanthus roseus,62924
193362921,https://inaturalist-open-data.s3.amazonaws.com/photos/339670767/medium.jpeg,Catharanthus roseus,62924
193368785,https://inaturalist-open-data.s3.amazonaws.com/photos/339682322/medium.jpeg,Catharanthus roseus,62924
193376616,https://inaturalist-open-data.s3.amazonaws.com/photos/339698598/medium.jpeg,Catharanthus roseus,62924
193388983,https://static.inaturalist.org/photos/339885549/medium.jpg,Catharanthus roseus,62924
193435209,https://static.inaturalist.org/photos/339801823/medium.jpeg,Catharanthus roseus,62924
193464921,https://inaturalist-open-data.s3.amazonaws.com/photos/339856355/medium.jpg,Catharanthus roseus,62924
193465701,https://inaturalist-open-data.s3.amazonaws.com/photos/339857843/medium.jpeg,Catharanthus roseus,62924
193520216,https://inaturalist-open-data.s3.amazonaws.com/photos/339958438/medium.jpg,Catharanthus roseus,62924
193559740,https://static.inaturalist.org/photos/340032249/medium.jpeg,Catharanthus roseus,62924
193577607,https://inaturalist-open-data.s3.amazonaws.com/photos/340068288/medium.jpg,Catharanthus roseus,62924
193588762,https://inaturalist-open-data.s3.amazonaws.com/photos/340089896/medium.jpeg,Catharanthus roseus,62924
193594501,https://static.inaturalist.org/photos/340100510/medium.jpeg,Catharanthus roseus,62924
193600052,https://inaturalist-open-data.s3.amazonaws.com/photos/340110916/medium.jpeg,Catharanthus roseus,62924
193640957,https://inaturalist-open-data.s3.amazonaws.com/photos/340184090/medium.jpg,Catharanthus roseus,62924
193641470,https://inaturalist-open-data.s3.amazonaws.com/photos/340185009/medium.jpg,Catharanthus roseus,62924
193643398,https://inaturalist-open-data.s3.amazonaws.com/photos/340187992/medium.jpeg,Catharanthus roseus,62924
193654135,https://inaturalist-open-data.s3.amazonaws.com/photos/340205875/medium.jpg,Catharanthus roseus,62924
193681044,https://inaturalist-open-data.s3.amazonaws.com/photos/340253637/medium.jpg,Catharanthus roseus,62924
193691998,https://inaturalist-open-data.s3.amazonaws.com/photos/340275490/medium.jpeg,Catharanthus roseus,62924
193693101,https://inaturalist-open-data.s3.amazonaws.com/photos/340277453/medium.jpeg,Catharanthus roseus,62924
193702007,https://inaturalist-open-data.s3.amazonaws.com/photos/340292471/medium.jpg,Catharanthus roseus,62924
193702273,https://static.inaturalist.org/photos/340295887/medium.jpeg,Catharanthus roseus,62924
193702277,https://static.inaturalist.org/photos/340296049/medium.jpeg,Catharanthus roseus,62924
193712743,https://inaturalist-open-data.s3.amazonaws.com/photos/340316142/medium.jpg,Catharanthus roseus,62924
193713724,https://static.inaturalist.org/photos/340317818/medium.jpeg,Catharanthus roseus,62924
193759119,https://inaturalist-open-data.s3.amazonaws.com/photos/340407160/medium.jpg,Catharanthus roseus,62924
193763206,https://inaturalist-open-data.s3.amazonaws.com/photos/340421481/medium.jpeg,Catharanthus roseus,62924
193770510,https://inaturalist-open-data.s3.amazonaws.com/photos/340430741/medium.jpg,Catharanthus roseus,62924
193770513,https://inaturalist-open-data.s3.amazonaws.com/photos/340430763/medium.jpg,Catharanthus roseus,62924
193779909,https://inaturalist-open-data.s3.amazonaws.com/photos/340449892/medium.jpg,Catharanthus roseus,62924
193791580,https://inaturalist-open-data.s3.amazonaws.com/photos/340474804/medium.jpeg,Catharanthus roseus,62924
193798722,https://inaturalist-open-data.s3.amazonaws.com/photos/340489934/medium.jpeg,Catharanthus roseus,62924
193802227,https://static.inaturalist.org/photos/340497534/medium.jpg,Catharanthus roseus,62924
193821180,https://inaturalist-open-data.s3.amazonaws.com/photos/340537412/medium.jpg,Catharanthus roseus,62924
193822910,https://inaturalist-open-data.s3.amazonaws.com/photos/340539345/medium.jpeg,Catharanthus roseus,62924
193842401,https://inaturalist-open-data.s3.amazonaws.com/photos/340579204/medium.jpg,Catharanthus roseus,62924
193848465,https://static.inaturalist.org/photos/340590243/medium.jpeg,Catharanthus roseus,62924
193863703,https://static.inaturalist.org/photos/340622085/medium.jpg,Catharanthus roseus,62924
193863773,https://inaturalist-open-data.s3.amazonaws.com/photos/340620964/medium.jpg,Catharanthus roseus,62924
193867594,https://inaturalist-open-data.s3.amazonaws.com/photos/340630134/medium.jpeg,Catharanthus roseus,62924
193886885,https://static.inaturalist.org/photos/340668042/medium.jpeg,Catharanthus roseus,62924
193887939,https://inaturalist-open-data.s3.amazonaws.com/photos/340670126/medium.jpg,Catharanthus roseus,62924
193907240,https://inaturalist-open-data.s3.amazonaws.com/photos/340705853/medium.jpeg,Catharanthus roseus,62924
193935573,https://inaturalist-open-data.s3.amazonaws.com/photos/340762858/medium.jpg,Catharanthus roseus,62924
193948167,https://inaturalist-open-data.s3.amazonaws.com/photos/340791521/medium.jpeg,Catharanthus roseus,62924
194000258,https://inaturalist-open-data.s3.amazonaws.com/photos/340893713/medium.jpeg,Catharanthus roseus,62924
194009307,https://inaturalist-open-data.s3.amazonaws.com/photos/340913940/medium.jpg,Catharanthus roseus,62924
194011604,https://inaturalist-open-data.s3.amazonaws.com/photos/340917226/medium.jpeg,Catharanthus roseus,62924
194029890,https://inaturalist-open-data.s3.amazonaws.com/photos/340953802/medium.jpeg,Catharanthus roseus,62924
194074590,https://inaturalist-open-data.s3.amazonaws.com/photos/341039074/medium.jpeg,Catharanthus roseus,62924
194076447,https://inaturalist-open-data.s3.amazonaws.com/photos/341043214/medium.jpeg,Catharanthus roseus,62924
194079873,https://inaturalist-open-data.s3.amazonaws.com/photos/341051470/medium.jpeg,Catharanthus roseus,62924
